{"cameraMode":{"drawMode":0,"name":"Shaded","section":"Shading Mode"},"sceneLighting":false,"audioPlay":false,"sceneViewState":{"m_AlwaysRefresh":false,"showFog":true,"showSkybox":false,"showFlares":true,"showImageEffects":true,"showParticleSystems":true,"showVisualEffectGraphs":true,"m_FxEnabled":true},"in2DMode":false,"pivot":{"x":8.749773025512696,"y":-0.6150902509689331,"z":88.33230590820313},"rotation":{"x":0.01140949409455061,"y":0.9851866364479065,"z":-0.07254151999950409,"w":0.15494808554649354},"size":0.6460363864898682,"orthographic":true}