{"cameraMode":{"drawMode":0,"name":"Shaded","section":"Shading Mode"},"sceneLighting":false,"audioPlay":false,"sceneViewState":{"m_AlwaysRefresh":false,"showFog":true,"showSkybox":false,"showFlares":true,"showImageEffects":true,"showParticleSystems":true,"showVisualEffectGraphs":true,"m_FxEnabled":true},"in2DMode":false,"pivot":{"x":8.617904663085938,"y":-0.48791182041168215,"z":88.26996612548828},"rotation":{"x":0.014573927968740464,"y":0.9767239093780518,"z":-0.07044551521539688,"w":0.2020624727010727},"size":0.8660253882408142,"orthographic":true}