{"cameraMode":{"drawMode":0,"name":"Shaded","section":"Shading Mode"},"sceneLighting":true,"audioPlay":false,"sceneViewState":{"m_AlwaysRefresh":false,"showFog":true,"showSkybox":true,"showFlares":true,"showImageEffects":true,"showParticleSystems":true,"showVisualEffectGraphs":true,"m_FxEnabled":true},"in2DMode":false,"pivot":{"x":-1.3780722618103028,"y":-4.108235836029053,"z":-0.4936189651489258},"rotation":{"x":-0.022475935518741609,"y":-0.9770815968513489,"z":0.13420602679252625,"w":-0.16360914707183839},"size":2.460606575012207,"orthographic":false}