{"cameraMode":{"drawMode":0,"name":"Shaded","section":"Shading Mode"},"sceneLighting":true,"audioPlay":false,"sceneViewState":{"m_AlwaysRefresh":false,"showFog":true,"showSkybox":false,"showFlares":true,"showImageEffects":true,"showParticleSystems":true,"showVisualEffectGraphs":true,"m_FxEnabled":true},"in2DMode":false,"pivot":{"x":238.87094116210938,"y":118.42236328125,"z":-20.48269271850586},"rotation":{"x":-0.11074532568454743,"y":0.021478120237588884,"z":-0.0023947071749716999,"w":-0.9936010241508484},"size":114.74758911132813,"orthographic":false}